Date,Month,Distance_km,Pace_min_km
2025-07-21 17:12:06+00:00,2025-07,8.7,5.46
2025-07-19 10:46:47+00:00,2025-07,8.36,6.83
2025-07-16 18:02:20+00:00,2025-07,8.37,6.84
2025-07-15 08:41:39+00:00,2025-07,6.82,5.59
2025-07-12 07:36:01+00:00,2025-07,2.76,6.49
2025-07-08 18:12:09+00:00,2025-07,5.6,5.92
2025-07-07 17:33:17+00:00,2025-07,6.25,6.14
2025-07-04 10:06:34+00:00,2025-07,6.12,6.12
2025-07-02 17:36:14+00:00,2025-07,11.33,8.07
2025-06-29 13:19:13+00:00,2025-06,7.53,6.62
2025-06-29 08:02:58+00:00,2025-06,2.01,7.65
2025-06-27 08:07:08+00:00,2025-06,8.96,6.28
2025-06-25 16:10:16+00:00,2025-06,5.77,6.07
2025-06-23 15:54:37+00:00,2025-06,4.88,6.17
2025-06-22 07:13:27+00:00,2025-06,9.13,6.13
2025-06-19 06:04:49+00:00,2025-06,5.33,6.01
2025-06-15 09:08:30+00:00,2025-06,10.07,5.69
2025-06-09 17:03:48+00:00,2025-06,10.46,6.73
2025-06-04 17:39:30+00:00,2025-06,12.09,7.34
2025-06-01 10:41:19+00:00,2025-06,5.62,6.02
2025-05-31 14:58:56+00:00,2025-05,7.8,6.12
2025-05-21 17:38:20+00:00,2025-05,11.23,8.42
2025-05-19 11:49:15+00:00,2025-05,5.45,6.33
2025-05-16 08:19:54+00:00,2025-05,5.47,6.15
2025-05-07 17:33:26+00:00,2025-05,11.03,6.81
2025-05-06 05:29:37+00:00,2025-05,6.35,6.0
2025-05-04 18:00:59+00:00,2025-05,5.01,5.15
2025-05-04 17:32:43+00:00,2025-05,0.7,5.14
2025-04-30 17:41:59+00:00,2025-04,12.0,6.47
2025-04-25 05:43:30+00:00,2025-04,11.44,5.3
2025-04-23 18:03:39+00:00,2025-04,6.89,6.72
2025-04-19 14:12:47+00:00,2025-04,10.35,6.07
2025-04-16 18:02:30+00:00,2025-04,7.34,8.39
2025-04-15 15:12:34+00:00,2025-04,8.15,5.98
2025-04-09 18:02:25+00:00,2025-04,10.44,6.87
2025-04-07 05:34:39+00:00,2025-04,4.6,6.15
2025-04-02 17:35:47+00:00,2025-04,14.0,6.35
2025-04-01 05:28:58+00:00,2025-04,4.13,6.0
2025-03-29 07:48:28+00:00,2025-03,7.94,5.94
2025-03-26 18:48:10+00:00,2025-03,10.0,6.31
2025-03-23 11:32:16+00:00,2025-03,3.51,6.54
2025-03-23 07:45:09+00:00,2025-03,3.62,5.64
2025-03-21 17:59:56+00:00,2025-03,5.04,7.62
2025-03-19 18:46:50+00:00,2025-03,9.0,6.86
2025-03-15 11:28:35+00:00,2025-03,13.0,5.97
2025-03-12 18:46:38+00:00,2025-03,9.02,6.54
2025-03-09 09:28:45+00:00,2025-03,14.02,7.89
2025-03-05 18:44:35+00:00,2025-03,10.4,6.8
2025-03-03 16:43:55+00:00,2025-03,5.01,6.25
2025-03-03 12:16:13+00:00,2025-03,5.53,5.89
2025-03-01 11:04:06+00:00,2025-03,0.25,5.39
2025-03-01 09:54:55+00:00,2025-03,10.03,6.04
2025-02-22 10:19:03+00:00,2025-02,12.25,6.37
2025-02-19 18:48:44+00:00,2025-02,10.73,6.87
2025-02-16 09:06:17+00:00,2025-02,1.96,8.06
2025-02-15 08:38:50+00:00,2025-02,7.82,5.93
2025-02-12 12:14:29+00:00,2025-02,10.58,6.41
2025-02-09 11:03:02+00:00,2025-02,5.08,5.97
2025-02-05 16:16:16+00:00,2025-02,10.15,6.17
2025-01-31 09:49:18+00:00,2025-01,16.12,6.29
2025-01-29 18:45:58+00:00,2025-01,10.17,6.81
2025-01-27 17:47:03+00:00,2025-01,5.07,6.26
2025-01-25 10:32:54+00:00,2025-01,12.17,6.57
2025-01-22 18:42:07+00:00,2025-01,9.52,7.05
2025-01-18 09:38:29+00:00,2025-01,2.19,6.19
2025-01-18 09:02:17+00:00,2025-01,5.03,4.99
2025-01-18 08:39:26+00:00,2025-01,1.92,6.24
2025-01-15 18:43:03+00:00,2025-01,12.1,7.22
2025-01-13 12:20:34+00:00,2025-01,6.65,6.22
2025-01-11 09:01:07+00:00,2025-01,5.05,4.91
2025-01-11 08:37:41+00:00,2025-01,2.49,5.28
2025-01-09 17:57:28+00:00,2025-01,5.19,5.92
2025-01-06 08:53:06+00:00,2025-01,9.03,6.01
2025-01-04 09:36:31+00:00,2025-01,2.49,6.47
2025-01-04 09:01:52+00:00,2025-01,5.07,5.13
2025-01-04 08:39:13+00:00,2025-01,2.61,5.59
2024-12-26 10:01:11+00:00,2024-12,15.4,7.04
2024-12-20 11:44:07+00:00,2024-12,7.05,5.99
2024-12-18 12:54:28+00:00,2024-12,6.01,5.79
2024-12-10 18:19:04+00:00,2024-12,5.12,6.15
2024-12-03 17:09:20+00:00,2024-12,6.01,5.92
2024-11-30 13:20:10+00:00,2024-11,8.29,5.95
2024-11-27 15:28:11+00:00,2024-11,6.5,6.21
2024-11-24 08:52:54+00:00,2024-11,14.57,6.0
2024-11-21 09:11:30+00:00,2024-11,7.06,5.75
2024-11-19 11:14:33+00:00,2024-11,6.88,5.63
2024-11-16 08:06:26+00:00,2024-11,6.06,6.16
2024-11-14 18:17:38+00:00,2024-11,3.89,6.29
2024-11-12 09:03:40+00:00,2024-11,6.37,5.79
2024-11-06 15:36:16+00:00,2024-11,6.33,5.84
2024-11-05 12:16:33+00:00,2024-11,10.57,5.81
2024-11-03 09:05:18+00:00,2024-11,1.98,7.73
2024-11-02 08:54:41+00:00,2024-11,5.01,5.43
2024-10-27 10:15:24+00:00,2024-10,13.15,6.12
2024-10-26 11:14:00+00:00,2024-10,5.01,5.65
2024-10-23 16:23:56+00:00,2024-10,5.88,5.81
2024-10-20 11:39:14+00:00,2024-10,2.9,6.49
2024-10-20 08:02:04+00:00,2024-10,1.91,7.97
2024-10-18 08:02:44+00:00,2024-10,7.93,5.74
2024-10-15 17:23:23+00:00,2024-10,6.68,6.0
2024-10-14 15:27:46+00:00,2024-10,8.79,6.08
2024-10-12 08:25:50+00:00,2024-10,5.02,5.34
2024-10-10 14:33:26+00:00,2024-10,6.35,6.43
2024-10-06 09:13:10+00:00,2024-10,21.32,5.83
2024-10-06 08:28:58+00:00,2024-10,1.01,5.78
2024-10-03 09:28:42+00:00,2024-10,5.25,5.32
2024-09-29 11:53:33+00:00,2024-09,10.36,6.0
2024-09-27 13:42:28+00:00,2024-09,5.02,5.9
2024-09-24 17:22:31+00:00,2024-09,7.08,5.94
2024-09-22 08:33:28+00:00,2024-09,2.06,7.52
2024-09-18 08:32:24+00:00,2024-09,22.92,6.18
2024-09-16 15:46:37+00:00,2024-09,5.46,6.05
2024-09-14 09:17:15+00:00,2024-09,5.12,5.92
2024-09-11 16:22:07+00:00,2024-09,5.53,5.51
2024-09-10 17:28:57+00:00,2024-09,10.16,6.18
2024-09-08 10:42:03+00:00,2024-09,7.11,5.98
2024-09-07 08:01:01+00:00,2024-09,5.07,4.9
2024-09-07 07:29:01+00:00,2024-09,2.15,5.66
2024-09-04 14:48:28+00:00,2024-09,13.45,6.18
2024-09-01 09:04:14+00:00,2024-09,10.05,5.33
2024-09-01 08:37:29+00:00,2024-09,1.11,5.61
2024-08-29 09:17:05+00:00,2024-08,12.64,6.08
2024-08-27 08:46:51+00:00,2024-08,7.06,6.11
2024-08-24 13:12:25+00:00,2024-08,6.76,6.05
2024-08-22 10:48:10+00:00,2024-08,7.89,5.75
2024-08-21 14:16:12+00:00,2024-08,8.7,5.59
2024-08-18 09:11:30+00:00,2024-08,16.43,6.36
2024-08-18 08:02:52+00:00,2024-08,1.97,7.66
2024-08-16 06:50:45+00:00,2024-08,7.56,6.66
2024-08-14 17:28:47+00:00,2024-08,12.13,7.73
2024-08-11 08:03:33+00:00,2024-08,21.51,6.3
2024-08-08 15:18:26+00:00,2024-08,9.62,6.34
2024-08-04 07:58:51+00:00,2024-08,7.05,5.96
2024-08-02 12:40:27+00:00,2024-08,6.87,6.13
2024-08-01 10:57:29+00:00,2024-08,8.75,6.7
2024-07-30 07:49:37+00:00,2024-07,6.81,6.28
2024-07-25 15:36:21+00:00,2024-07,10.27,5.96
2024-07-23 05:25:00+00:00,2024-07,8.7,5.93
2024-07-20 05:33:06+00:00,2024-07,16.59,6.46
2024-07-19 08:25:42+00:00,2024-07,7.75,6.17
2024-07-18 11:50:46+00:00,2024-07,8.68,6.33
2024-07-15 16:57:08+00:00,2024-07,9.23,6.36
2024-07-13 08:32:31+00:00,2024-07,18.3,6.17
2024-07-11 17:59:58+00:00,2024-07,7.15,5.97
2024-07-10 08:02:55+00:00,2024-07,7.71,6.08
2024-07-08 16:03:10+00:00,2024-07,8.37,6.69
2024-07-05 08:39:27+00:00,2024-07,16.62,6.21
2024-07-03 10:38:57+00:00,2024-07,6.87,6.11
2024-07-02 09:59:00+00:00,2024-07,6.09,6.22
2024-06-30 15:37:22+00:00,2024-06,6.87,5.61
2024-06-28 08:27:23+00:00,2024-06,13.38,6.15
2024-06-26 10:23:49+00:00,2024-06,5.25,6.24
2024-06-24 08:29:10+00:00,2024-06,5.57,6.01
2024-06-21 08:01:54+00:00,2024-06,8.43,5.94
2024-06-20 13:19:02+00:00,2024-06,8.46,6.26
2024-06-18 09:22:02+00:00,2024-06,16.54,6.22
2024-06-17 07:52:44+00:00,2024-06,2.66,5.52
2024-06-15 16:21:41+00:00,2024-06,6.93,5.55
2024-06-12 17:55:02+00:00,2024-06,7.24,8.56
2024-06-11 17:32:10+00:00,2024-06,7.04,6.18
2024-06-10 05:29:03+00:00,2024-06,3.32,5.65
2024-06-07 17:08:58+00:00,2024-06,5.46,6.17
2024-06-05 17:41:26+00:00,2024-06,13.36,7.49
2024-06-03 05:17:54+00:00,2024-06,4.24,6.1
2024-05-31 17:03:39+00:00,2024-05,7.09,6.09
2024-05-29 17:39:34+00:00,2024-05,13.61,7.65
2024-05-26 07:14:29+00:00,2024-05,12.49,6.15
2024-05-25 06:34:56+00:00,2024-05,4.66,5.88
2024-05-25 06:23:30+00:00,2024-05,1.49,6.07
2024-05-22 18:03:10+00:00,2024-05,8.35,7.01
2024-05-19 10:16:30+00:00,2024-05,10.1,5.71
2024-05-18 08:01:22+00:00,2024-05,5.07,5.29
2024-05-18 07:25:32+00:00,2024-05,2.24,5.95
2024-05-16 15:37:02+00:00,2024-05,8.31,6.13
2024-05-14 16:40:49+00:00,2024-05,6.48,6.81
2024-05-12 14:53:25+00:00,2024-05,8.02,6.04
2024-05-08 18:01:10+00:00,2024-05,9.79,6.74
2024-05-07 17:21:20+00:00,2024-05,6.29,6.06
2024-05-05 18:02:17+00:00,2024-05,5.02,5.22
2024-05-05 17:20:34+00:00,2024-05,1.13,5.77
2024-05-05 08:36:19+00:00,2024-05,2.03,7.73
2024-05-02 15:08:32+00:00,2024-05,5.14,7.66
2024-05-01 18:02:23+00:00,2024-05,7.37,7.37
2024-04-30 15:32:03+00:00,2024-04,7.89,6.17
2024-04-26 10:25:06+00:00,2024-04,5.02,5.98
2024-04-24 18:02:59+00:00,2024-04,7.38,6.87
2024-04-22 15:31:52+00:00,2024-04,6.76,7.11
2024-04-20 10:15:49+00:00,2024-04,12.03,6.22
2024-04-17 18:04:47+00:00,2024-04,8.23,6.6
2024-04-14 09:03:36+00:00,2024-04,13.95,9.22
2024-04-13 09:00:10+00:00,2024-04,3.37,6.85
2024-04-10 18:03:09+00:00,2024-04,8.37,6.74
2024-04-08 15:55:05+00:00,2024-04,7.16,5.97
2024-04-06 10:58:49+00:00,2024-04,10.64,6.32
2024-04-04 17:12:32+00:00,2024-04,11.31,6.51
2024-03-30 11:32:58+00:00,2024-03,10.03,5.94
2024-03-27 19:03:08+00:00,2024-03,9.19,6.68
2024-03-26 17:03:59+00:00,2024-03,1.81,6.5
2024-03-23 09:29:42+00:00,2024-03,10.02,6.07
2024-03-19 17:10:51+00:00,2024-03,5.73,6.22
2024-03-17 09:03:02+00:00,2024-03,1.97,7.29
2024-03-13 19:04:41+00:00,2024-03,9.52,6.54
2024-03-11 18:16:31+00:00,2024-03,5.02,5.72
2024-03-10 09:04:15+00:00,2024-03,2.0,7.39
2024-03-06 19:03:12+00:00,2024-03,8.39,6.81
2024-03-03 09:03:03+00:00,2024-03,1.95,7.97
2024-02-28 19:07:59+00:00,2024-02,7.51,7.02
2024-02-26 18:34:42+00:00,2024-02,7.11,6.95
2024-02-24 17:07:04+00:00,2024-02,5.13,6.28
2024-02-19 17:09:02+00:00,2024-02,2.51,6.34
2024-02-07 17:19:21+00:00,2024-02,2.95,8.8
2024-01-21 13:51:27+00:00,2024-01,1.26,6.26
2024-01-08 18:35:28+00:00,2024-01,7.37,6.24
2024-01-05 18:15:34+00:00,2024-01,2.11,6.13
2024-01-04 15:18:52+00:00,2024-01,2.02,5.89
2024-01-03 18:53:22+00:00,2024-01,1.4,7.55
2024-01-02 17:14:10+00:00,2024-01,2.51,5.15
2024-01-01 16:59:13+00:00,2024-01,2.02,5.49
2023-12-23 12:07:27+00:00,2023-12,4.01,6.09
2023-12-23 09:23:25+00:00,2023-12,1.75,6.86
2023-12-17 19:51:15+00:00,2023-12,1.82,6.28
2023-12-16 11:30:51+00:00,2023-12,5.2,7.01
2023-12-12 16:54:05+00:00,2023-12,6.2,6.66
2023-12-08 08:54:55+00:00,2023-12,3.94,6.13
2023-11-28 11:49:38+00:00,2023-11,6.56,6.47
2023-11-08 17:08:28+00:00,2023-11,5.67,6.35
2023-10-23 14:09:15+00:00,2023-10,5.52,6.46
2023-10-21 09:09:18+00:00,2023-10,7.02,5.95
2023-10-14 11:31:18+00:00,2023-10,4.13,5.85
2023-10-11 05:33:30+00:00,2023-10,2.68,8.29
2023-10-07 16:03:01+00:00,2023-10,2.24,5.56
2023-10-06 19:14:36+00:00,2023-10,2.0,7.25
2023-09-25 19:34:59+00:00,2023-09,1.08,7.88
2023-09-16 09:04:16+00:00,2023-09,0.88,6.16
2023-09-10 08:08:45+00:00,2023-09,1.85,8.43
2023-09-03 09:02:19+00:00,2023-09,10.08,5.68
2023-08-30 18:02:06+00:00,2023-08,6.68,8.79
2023-08-25 09:44:06+00:00,2023-08,6.68,6.32
2023-08-23 17:59:31+00:00,2023-08,9.17,7.95
2023-08-16 18:02:42+00:00,2023-08,13.12,8.01
2023-08-15 15:27:28+00:00,2023-08,6.7,6.74
2023-08-13 15:24:07+00:00,2023-08,4.86,6.5
2023-08-12 10:18:24+00:00,2023-08,6.28,6.12
2023-08-09 16:58:19+00:00,2023-08,5.37,6.73
2023-08-06 12:55:20+00:00,2023-08,3.18,5.9
2023-08-02 17:33:57+00:00,2023-08,11.08,8.13
2023-07-30 09:23:26+00:00,2023-07,3.07,6.64
2023-07-30 08:31:08+00:00,2023-07,2.02,7.51
2023-07-27 19:12:10+00:00,2023-07,4.81,6.27
2023-07-21 15:38:21+00:00,2023-07,4.38,6.49
2023-07-18 09:51:22+00:00,2023-07,11.57,6.99
2023-07-15 14:31:52+00:00,2023-07,4.58,6.83
2023-07-10 14:55:36+00:00,2023-07,11.55,6.05
2023-07-10 14:43:44+00:00,2023-07,1.33,6.77
2023-07-06 06:08:15+00:00,2023-07,6.49,6.95
2023-07-04 06:28:21+00:00,2023-07,5.5,5.89
2023-06-30 15:51:16+00:00,2023-06,10.02,5.91
2023-06-27 17:38:47+00:00,2023-06,4.1,6.07
2023-06-20 17:25:15+00:00,2023-06,8.01,6.07
2023-06-17 08:09:48+00:00,2023-06,4.97,5.36
2023-06-14 18:03:54+00:00,2023-06,7.2,7.46
2023-06-13 05:39:13+00:00,2023-06,5.01,5.76
2023-06-07 18:02:56+00:00,2023-06,8.14,7.23
2023-06-06 16:20:32+00:00,2023-06,3.57,5.87
2023-06-03 10:02:50+00:00,2023-06,6.92,6.66
2023-05-26 10:24:45+00:00,2023-05,5.26,5.89
2023-05-24 18:04:33+00:00,2023-05,8.96,6.16
2023-05-23 16:20:31+00:00,2023-05,6.83,6.08
2023-05-20 11:31:26+00:00,2023-05,3.65,5.59
2023-05-17 18:07:13+00:00,2023-05,7.68,6.86
2023-05-15 15:13:13+00:00,2023-05,5.02,6.35
2023-05-03 18:03:42+00:00,2023-05,8.97,6.68
2023-04-30 18:01:16+00:00,2023-04,5.03,4.93
2023-04-26 18:04:08+00:00,2023-04,8.09,6.66
2023-04-24 15:39:06+00:00,2023-04,6.07,5.92
2023-04-22 10:20:55+00:00,2023-04,8.02,6.55
2023-04-19 18:03:23+00:00,2023-04,8.47,6.96
2023-04-16 10:31:09+00:00,2023-04,3.95,7.31
2023-04-16 08:47:12+00:00,2023-04,10.1,5.27
2023-04-16 08:26:40+00:00,2023-04,1.07,5.82
2023-04-11 07:10:24+00:00,2023-04,6.64,9.35
2023-04-08 08:06:17+00:00,2023-04,5.03,5.17
2023-04-07 10:12:29+00:00,2023-04,5.86,6.49
2023-04-05 18:03:44+00:00,2023-04,7.47,7.71
2023-03-29 18:03:25+00:00,2023-03,8.83,7.35
2023-03-28 16:16:33+00:00,2023-03,4.78,6.36
2023-03-26 10:02:22+00:00,2023-03,10.12,5.32
2023-03-26 09:30:43+00:00,2023-03,1.34,5.65
2023-03-22 19:45:03+00:00,2023-03,1.53,5.97
2023-03-17 11:25:41+00:00,2023-03,5.03,5.67
2023-03-15 18:41:58+00:00,2023-03,10.96,7.0
2023-03-12 13:19:28+00:00,2023-03,12.54,6.16
2023-03-08 17:30:25+00:00,2023-03,5.74,5.96
2023-03-07 17:22:01+00:00,2023-03,6.01,6.03
2023-03-04 09:30:35+00:00,2023-03,7.18,6.28
2023-03-01 19:03:00+00:00,2023-03,8.76,6.93
2023-02-28 17:26:03+00:00,2023-02,6.05,5.87
2023-02-22 08:36:01+00:00,2023-02,5.93,6.11
2023-02-21 16:06:45+00:00,2023-02,9.02,5.93
2023-02-19 10:03:45+00:00,2023-02,14.9,8.04
2023-02-13 15:50:30+00:00,2023-02,11.21,6.24
2023-02-11 12:43:08+00:00,2023-02,6.75,5.94
2023-02-08 19:45:35+00:00,2023-02,3.98,7.59
2023-02-06 17:24:22+00:00,2023-02,10.59,5.97
2023-02-04 16:34:59+00:00,2023-02,5.0,6.12
2023-02-03 16:51:29+00:00,2023-02,5.66,6.55
2023-02-01 16:49:48+00:00,2023-02,5.15,6.07
2023-01-30 16:11:07+00:00,2023-01,7.79,6.41
2023-01-24 17:17:29+00:00,2023-01,6.82,5.89
2023-01-23 11:27:40+00:00,2023-01,5.09,5.64
2023-01-20 20:04:17+00:00,2023-01,6.03,6.68
2023-01-18 20:29:14+00:00,2023-01,4.88,9.36
2023-01-17 17:19:04+00:00,2023-01,6.66,6.13
2023-01-15 09:37:16+00:00,2023-01,10.22,7.56
2023-01-14 16:08:18+00:00,2023-01,5.72,7.01
2023-01-12 14:45:48+00:00,2023-01,4.14,5.96
2023-01-11 19:03:05+00:00,2023-01,8.65,6.92
2023-01-10 12:12:49+00:00,2023-01,6.65,6.02
2023-01-09 06:44:15+00:00,2023-01,3.16,6.73
2023-01-08 12:05:22+00:00,2023-01,10.62,5.8
2023-01-07 08:34:49+00:00,2023-01,3.63,6.4
2023-01-06 16:04:07+00:00,2023-01,6.05,6.08
2023-01-06 15:54:50+00:00,2023-01,0.84,6.61
2023-01-05 07:00:25+00:00,2023-01,3.3,7.01
2023-01-04 16:19:20+00:00,2023-01,5.0,5.91
2023-01-03 15:43:16+00:00,2023-01,7.22,5.97
2023-01-02 08:10:54+00:00,2023-01,3.36,6.45
2023-01-01 12:36:13+00:00,2023-01,10.89,5.98
2022-12-30 12:21:10+00:00,2022-12,6.74,5.86
2022-12-29 08:19:44+00:00,2022-12,2.61,6.28
2022-12-28 07:40:59+00:00,2022-12,1.41,6.24
2022-12-27 10:21:04+00:00,2022-12,3.06,5.39
2022-12-22 11:28:58+00:00,2022-12,6.91,5.98
2022-12-19 13:46:24+00:00,2022-12,6.85,6.05
2022-12-13 17:20:41+00:00,2022-12,7.49,5.62
2022-12-11 08:20:59+00:00,2022-12,6.61,6.07
2022-12-07 18:41:27+00:00,2022-12,10.02,6.9
2022-12-05 16:03:15+00:00,2022-12,8.88,6.13
2022-12-03 11:46:02+00:00,2022-12,5.03,5.55
2022-11-30 19:05:28+00:00,2022-11,9.09,6.42
2022-11-28 18:13:06+00:00,2022-11,7.93,6.58
2022-11-27 12:24:39+00:00,2022-11,11.84,6.14
2022-11-23 08:10:30+00:00,2022-11,6.02,5.76
2022-11-22 15:10:01+00:00,2022-11,8.32,5.89
2022-11-19 11:15:34+00:00,2022-11,12.44,5.97
2022-11-16 08:03:53+00:00,2022-11,5.95,5.92
2022-11-15 14:17:26+00:00,2022-11,8.3,5.69
2022-11-12 16:31:02+00:00,2022-11,6.52,6.28
2022-11-10 18:19:01+00:00,2022-11,10.24,6.18
2022-11-08 17:30:34+00:00,2022-11,5.23,6.19
2022-11-06 10:02:31+00:00,2022-11,11.45,6.42
2022-11-05 09:27:32+00:00,2022-11,5.1,6.14
2022-10-30 09:59:39+00:00,2022-10,15.56,7.84
2022-10-24 08:04:39+00:00,2022-10,7.39,5.78
2022-10-22 14:24:17+00:00,2022-10,8.15,5.84
2022-10-19 17:43:18+00:00,2022-10,9.57,6.97
2022-10-17 15:20:12+00:00,2022-10,9.42,5.77
2022-10-12 05:38:38+00:00,2022-10,5.12,6.15
2022-10-02 09:12:00+00:00,2022-10,21.32,6.3
2022-09-28 17:37:58+00:00,2022-09,9.35,6.88
2022-09-24 15:51:51+00:00,2022-09,7.74,6.01
2022-09-21 18:00:02+00:00,2022-09,8.41,6.65
2022-09-20 09:57:37+00:00,2022-09,10.02,5.62
2022-09-17 09:00:52+00:00,2022-09,8.06,6.66
2022-09-15 17:13:48+00:00,2022-09,13.83,6.35
2022-09-13 05:45:55+00:00,2022-09,5.02,6.3
2022-09-11 08:25:20+00:00,2022-09,22.52,6.92
2022-09-08 07:16:59+00:00,2022-09,4.02,6.24
2022-09-07 18:03:46+00:00,2022-09,9.29,6.58
2022-09-06 05:43:14+00:00,2022-09,3.25,6.45
2022-09-04 08:57:11+00:00,2022-09,7.01,5.78
2022-09-02 07:29:42+00:00,2022-09,2.52,6.29
2022-08-31 17:17:47+00:00,2022-08,16.8,6.58
2022-08-28 10:02:46+00:00,2022-08,10.13,5.36
2022-08-28 09:32:24+00:00,2022-08,1.03,5.8
2022-08-24 17:24:37+00:00,2022-08,14.92,6.74
2022-08-22 17:33:12+00:00,2022-08,5.74,5.41
2022-08-19 08:29:06+00:00,2022-08,3.89,6.38
2022-08-18 09:11:52+00:00,2022-08,8.34,6.0
2022-08-18 08:03:14+00:00,2022-08,3.95,6.74
2022-08-15 17:35:18+00:00,2022-08,7.23,6.34
2022-08-11 08:34:59+00:00,2022-08,2.15,5.79
2022-08-10 18:01:04+00:00,2022-08,6.91,7.49
2022-08-08 17:35:15+00:00,2022-08,8.21,5.85
2022-08-07 09:16:28+00:00,2022-08,10.04,5.66
2022-08-02 08:04:50+00:00,2022-08,5.01,5.78
2022-07-24 18:42:46+00:00,2022-07,5.65,6.27
2022-07-20 17:32:56+00:00,2022-07,12.96,6.99
2022-07-18 06:23:09+00:00,2022-07,5.02,6.01
2022-07-16 19:07:44+00:00,2022-07,0.0,0.0
2022-07-13 18:01:08+00:00,2022-07,10.96,6.96
2022-07-12 08:09:24+00:00,2022-07,5.41,5.64
2022-07-10 06:48:46+00:00,2022-07,0.87,6.82
2022-07-05 15:13:52+00:00,2022-07,13.08,5.58
2022-07-03 09:02:04+00:00,2022-07,10.11,5.29
2022-07-01 12:36:32+00:00,2022-07,2.24,5.73
2022-07-01 11:14:10+00:00,2022-07,3.1,5.46
2022-06-29 07:57:16+00:00,2022-06,11.55,5.81
2022-06-25 08:07:02+00:00,2022-06,5.08,4.94
2022-06-25 07:37:19+00:00,2022-06,2.24,5.63
2022-06-22 18:03:07+00:00,2022-06,8.03,7.01
2022-06-20 17:34:08+00:00,2022-06,5.89,4.98
2022-06-15 19:09:19+00:00,2022-06,2.07,6.0
2022-06-15 18:03:58+00:00,2022-06,8.21,6.88
2022-06-15 17:39:52+00:00,2022-06,1.64,6.13
2022-06-13 15:10:45+00:00,2022-06,0.25,6.77
2022-06-13 14:27:08+00:00,2022-06,5.05,5.88
2022-06-11 09:20:32+00:00,2022-06,9.73,6.6
2022-06-08 17:39:10+00:00,2022-06,11.27,6.69
2022-06-04 09:49:01+00:00,2022-06,7.57,6.93
2022-06-03 17:49:47+00:00,2022-06,2.89,6.1
2022-05-28 06:21:47+00:00,2022-05,10.11,5.77
2022-05-25 17:37:56+00:00,2022-05,11.39,6.72
2022-05-22 10:01:41+00:00,2022-05,10.16,5.39
2022-05-22 09:28:41+00:00,2022-05,1.03,5.85
2022-05-20 15:15:05+00:00,2022-05,3.93,5.87
2022-05-18 17:40:04+00:00,2022-05,11.35,6.86
2022-05-15 06:50:12+00:00,2022-05,9.07,5.61
2022-05-12 05:52:53+00:00,2022-05,5.52,5.58
2022-05-10 05:42:37+00:00,2022-05,5.52,5.45
2022-05-06 13:11:39+00:00,2022-05,9.04,6.34
2022-05-04 18:05:55+00:00,2022-05,8.89,6.47
2022-05-03 16:20:24+00:00,2022-05,3.95,5.83
2022-05-01 18:00:37+00:00,2022-05,5.03,4.95
2022-05-01 17:38:01+00:00,2022-05,1.15,5.07
2022-04-29 07:54:32+00:00,2022-04,7.16,5.64
2022-04-27 18:44:15+00:00,2022-04,6.7,6.01
2022-04-25 17:34:20+00:00,2022-04,6.02,6.37
2022-04-25 17:17:59+00:00,2022-04,1.39,5.53
2022-04-24 19:27:35+00:00,2022-04,5.66,5.76
2022-04-21 15:54:00+00:00,2022-04,5.02,5.66
2022-04-20 09:51:41+00:00,2022-04,8.08,5.9
2022-04-18 16:16:59+00:00,2022-04,5.03,5.82
2022-04-16 08:03:10+00:00,2022-04,4.87,5.34
2022-04-13 19:02:20+00:00,2022-04,3.25,6.15
2022-04-13 18:02:11+00:00,2022-04,7.54,7.22
2022-04-13 17:34:56+00:00,2022-04,2.84,5.29
2022-04-11 17:33:03+00:00,2022-04,8.99,6.19
2022-04-09 08:41:34+00:00,2022-04,9.11,6.0
2022-04-07 07:49:49+00:00,2022-04,5.12,5.87
2022-04-04 17:34:07+00:00,2022-04,6.69,5.79
2022-04-04 17:15:00+00:00,2022-04,1.6,5.74
2022-04-03 17:46:32+00:00,2022-04,5.07,5.68
2022-03-28 17:35:38+00:00,2022-03,5.6,6.78
2022-03-28 17:20:19+00:00,2022-03,1.36,5.5
2022-03-27 09:25:58+00:00,2022-03,21.29,5.99
2022-03-23 19:01:48+00:00,2022-03,9.34,6.06
2022-03-19 14:45:25+00:00,2022-03,6.59,5.81
2022-03-16 19:01:18+00:00,2022-03,8.8,6.58
2022-03-13 10:19:28+00:00,2022-03,16.99,6.17
2022-03-09 20:04:35+00:00,2022-03,1.51,6.66
2022-03-09 19:01:56+00:00,2022-03,8.9,6.53
2022-03-09 18:47:46+00:00,2022-03,1.45,5.8
2022-03-07 19:01:41+00:00,2022-03,2.53,6.36
2022-03-07 18:32:52+00:00,2022-03,3.6,5.56
2022-03-07 18:13:17+00:00,2022-03,2.58,5.6
2022-03-02 19:01:27+00:00,2022-03,8.62,6.6
2022-02-28 15:33:13+00:00,2022-02,5.03,6.43
2022-02-26 10:35:25+00:00,2022-02,3.51,5.55
2022-01-30 10:04:33+00:00,2022-01,16.09,5.41
2022-01-28 20:11:58+00:00,2022-01,0.98,6.29
2022-01-28 19:53:39+00:00,2022-01,3.1,5.14
2022-01-26 18:59:59+00:00,2022-01,7.77,7.08
2022-01-26 18:46:02+00:00,2022-01,1.63,6.0
2022-01-25 17:18:03+00:00,2022-01,5.01,5.92
2022-01-24 18:34:16+00:00,2022-01,6.83,6.05
2022-01-24 18:19:22+00:00,2022-01,1.4,5.72
2022-01-20 17:06:08+00:00,2022-01,5.24,6.33
2022-01-17 18:34:12+00:00,2022-01,8.34,5.7
2022-01-16 10:43:11+00:00,2022-01,11.76,5.63
2022-01-15 09:43:45+00:00,2022-01,1.61,8.96
2022-01-12 20:09:54+00:00,2022-01,1.68,6.51
2022-01-12 19:02:51+00:00,2022-01,9.56,6.74
2022-01-12 18:46:18+00:00,2022-01,1.46,6.63
2022-01-11 17:26:25+00:00,2022-01,5.02,6.31
2022-01-10 18:33:16+00:00,2022-01,7.78,6.44
2022-01-10 18:20:31+00:00,2022-01,1.49,5.82
2022-01-08 16:10:33+00:00,2022-01,10.15,6.32
2022-01-05 20:01:24+00:00,2022-01,1.51,6.52
2022-01-05 19:01:38+00:00,2022-01,8.54,6.72
2022-01-05 18:38:41+00:00,2022-01,3.07,6.35
2022-01-04 07:24:46+00:00,2022-01,5.02,6.53
2022-01-01 10:48:17+00:00,2022-01,13.16,6.18
2021-12-29 19:02:22+00:00,2021-12,8.75,6.49
2021-12-29 18:49:45+00:00,2021-12,1.3,5.65
2021-12-23 07:27:19+00:00,2021-12,4.59,6.58
2021-12-20 19:16:24+00:00,2021-12,1.53,6.36
2021-12-20 18:37:58+00:00,2021-12,5.25,5.62
2021-12-20 18:17:37+00:00,2021-12,1.44,6.03
2021-12-18 08:05:54+00:00,2021-12,4.0,6.43
2021-12-15 19:58:58+00:00,2021-12,1.54,6.36
2021-12-15 19:02:42+00:00,2021-12,8.53,6.33
2021-12-15 18:44:44+00:00,2021-12,1.66,6.41
2021-12-13 19:24:28+00:00,2021-12,1.53,6.43
2021-12-13 18:32:04+00:00,2021-12,8.08,5.7
2021-12-13 18:20:41+00:00,2021-12,1.5,6.0
2021-12-11 09:08:55+00:00,2021-12,3.04,6.22
2021-12-08 19:01:11+00:00,2021-12,11.1,6.04
2021-12-08 18:38:46+00:00,2021-12,3.31,5.95
2021-12-06 19:16:03+00:00,2021-12,1.4,6.48
2021-12-06 18:34:41+00:00,2021-12,5.6,5.46
2021-12-06 18:19:00+00:00,2021-12,1.51,5.58
2021-12-01 20:02:12+00:00,2021-12,1.53,6.16
2021-12-01 19:03:31+00:00,2021-12,8.33,6.6
2021-12-01 18:44:40+00:00,2021-12,1.48,5.9
2021-11-29 18:34:47+00:00,2021-11,7.44,6.0
2021-11-29 18:19:38+00:00,2021-11,1.51,5.98
2021-11-27 09:38:09+00:00,2021-11,0.5,5.8
2021-11-27 09:04:55+00:00,2021-11,4.95,5.1
2021-11-27 08:39:15+00:00,2021-11,2.53,5.84
2021-11-24 20:05:24+00:00,2021-11,1.44,6.79
2021-11-24 19:02:13+00:00,2021-11,9.07,6.68
2021-11-24 18:43:09+00:00,2021-11,1.46,6.3
2021-11-23 11:48:01+00:00,2021-11,5.04,6.0
2021-11-20 14:21:22+00:00,2021-11,11.44,6.03
2021-11-17 20:00:00+00:00,2021-11,1.55,6.56
2021-11-17 19:02:42+00:00,2021-11,7.95,6.68
2021-11-17 18:44:08+00:00,2021-11,1.5,6.41
2021-11-15 19:32:05+00:00,2021-11,0.54,6.27
2021-11-15 18:38:25+00:00,2021-11,6.02,5.78
2021-11-15 18:13:51+00:00,2021-11,1.86,6.55
2021-11-13 09:39:58+00:00,2021-11,1.98,6.02
2021-11-13 09:05:57+00:00,2021-11,4.97,5.15
2021-11-13 08:36:43+00:00,2021-11,2.38,6.12
2021-11-10 20:07:38+00:00,2021-11,1.53,6.66
2021-11-10 19:06:28+00:00,2021-11,8.45,6.7
2021-11-10 18:43:36+00:00,2021-11,1.93,6.29
2021-11-08 18:13:40+00:00,2021-11,9.47,6.31
2021-11-06 09:40:20+00:00,2021-11,1.21,6.08
2021-11-06 09:03:59+00:00,2021-11,4.97,5.07
2021-11-06 08:43:19+00:00,2021-11,2.47,5.44
2021-11-03 18:45:08+00:00,2021-11,11.18,6.67
2021-11-01 18:35:14+00:00,2021-11,5.69,6.11
2021-10-31 14:23:32+00:00,2021-10,3.56,6.06
2021-10-27 17:51:02+00:00,2021-10,10.56,6.74
2021-10-25 17:35:57+00:00,2021-10,8.07,5.93
2021-10-24 08:47:40+00:00,2021-10,10.01,5.4
2021-10-20 18:04:18+00:00,2021-10,8.06,7.06
2021-10-17 13:27:22+00:00,2021-10,3.44,6.09
2021-10-13 18:01:42+00:00,2021-10,8.2,6.88
2021-10-11 17:32:44+00:00,2021-10,6.06,5.69
2021-10-09 08:04:12+00:00,2021-10,5.01,5.27
2021-10-05 09:28:19+00:00,2021-10,5.02,6.22
2021-10-02 08:03:38+00:00,2021-10,5.01,5.39
2021-09-26 09:05:36+00:00,2021-09,10.09,5.78
2021-09-22 16:18:50+00:00,2021-09,4.0,5.95
2021-09-16 10:59:51+00:00,2021-09,10.01,6.5
2021-09-14 13:31:24+00:00,2021-09,3.9,5.98
2021-09-11 10:13:44+00:00,2021-09,8.47,6.27
2021-09-07 17:39:53+00:00,2021-09,3.01,5.98
2021-09-04 08:44:22+00:00,2021-09,1.01,5.82
2021-09-04 08:05:00+00:00,2021-09,5.05,5.59
2021-09-04 07:43:08+00:00,2021-09,2.24,5.84
2021-08-28 08:35:57+00:00,2021-08,0.25,6.62
2021-08-28 08:01:15+00:00,2021-08,5.0,5.8
2021-08-26 10:25:33+00:00,2021-08,5.03,6.03
2021-08-21 15:53:15+00:00,2021-08,7.47,5.97
2021-08-17 08:37:15+00:00,2021-08,3.03,5.98
2021-08-15 08:40:56+00:00,2021-08,6.25,6.6
2021-08-10 08:28:34+00:00,2021-08,5.04,6.6
2021-08-07 08:40:16+00:00,2021-08,5.01,5.9
2021-08-01 09:02:28+00:00,2021-08,5.02,6.08
2021-07-24 14:04:16+00:00,2021-07,3.74,5.97
2021-07-20 17:50:22+00:00,2021-07,2.22,6.27
2021-07-18 06:46:30+00:00,2021-07,4.02,5.69
2021-07-15 09:25:53+00:00,2021-07,3.47,6.55
2021-07-13 16:18:54+00:00,2021-07,3.67,5.78
2021-07-10 08:37:32+00:00,2021-07,3.07,5.84
2021-07-08 07:52:20+00:00,2021-07,3.03,5.96
2021-07-06 16:31:38+00:00,2021-07,3.01,5.86
2021-07-03 09:01:09+00:00,2021-07,2.62,5.61
2021-07-01 11:26:08+00:00,2021-07,2.54,5.94
2021-06-29 16:22:16+00:00,2021-06,2.55,5.72
2021-06-27 13:26:38+00:00,2021-06,2.37,5.94
2021-06-25 08:53:12+00:00,2021-06,0.68,5.27
2021-06-25 07:52:29+00:00,2021-06,2.05,5.81
2021-06-22 16:21:32+00:00,2021-06,2.05,5.68
2021-06-19 08:37:39+00:00,2021-06,3.02,5.96
2021-06-15 06:16:17+00:00,2021-06,2.79,5.77
2021-06-12 08:49:51+00:00,2021-06,2.53,6.07
2021-05-22 08:51:30+00:00,2021-05,1.02,6.06
2021-05-15 08:40:44+00:00,2021-05,5.51,5.88
2021-05-13 12:23:05+00:00,2021-05,2.1,6.9
2021-05-13 11:43:39+00:00,2021-05,3.56,6.37
2021-05-07 07:55:50+00:00,2021-05,8.06,5.93
2021-04-25 15:41:37+00:00,2021-04,1.84,6.21
2021-04-25 15:25:53+00:00,2021-04,0.72,5.75
2021-04-21 13:04:55+00:00,2021-04,9.03,5.99
2021-04-17 15:51:13+00:00,2021-04,5.05,5.77
2021-04-14 13:16:10+00:00,2021-04,7.74,5.81
2021-04-12 09:11:38+00:00,2021-04,5.02,5.56
2021-04-07 07:26:12+00:00,2021-04,7.05,5.7
2021-04-01 09:46:55+00:00,2021-04,5.04,5.67
2021-03-30 10:05:52+00:00,2021-03,6.03,5.78
2021-03-28 10:28:47+00:00,2021-03,4.72,5.45
2021-03-22 09:18:47+00:00,2021-03,5.04,5.36
2021-03-12 11:57:36+00:00,2021-03,5.02,5.8
2021-03-07 13:58:07+00:00,2021-03,5.04,5.87
2021-02-28 10:26:20+00:00,2021-02,5.03,5.4
2021-02-24 11:18:03+00:00,2021-02,5.05,5.95
2021-02-21 13:55:25+00:00,2021-02,4.02,5.78
2021-02-17 12:09:47+00:00,2021-02,4.05,5.79
2021-02-13 14:35:17+00:00,2021-02,3.25,5.89
2021-02-09 12:05:06+00:00,2021-02,3.16,5.86
2021-02-07 14:19:57+00:00,2021-02,1.06,5.68
2021-01-31 10:25:33+00:00,2021-01,3.02,5.72
2020-12-28 09:18:53+00:00,2020-12,3.27,6.59
2020-11-22 12:38:48+00:00,2020-11,1.42,7.74
2020-10-17 08:37:46+00:00,2020-10,10.03,5.83
2020-10-08 10:18:55+00:00,2020-10,7.2,6.4
2020-10-08 08:18:23+00:00,2020-10,7.49,5.66
2020-10-06 08:06:17+00:00,2020-10,5.03,5.56
2020-10-03 08:44:53+00:00,2020-10,7.57,5.86
2020-09-30 09:28:03+00:00,2020-09,14.12,5.51
2020-09-28 07:20:04+00:00,2020-09,6.69,5.46
2020-09-25 10:53:42+00:00,2020-09,3.46,5.4
2020-09-23 07:18:10+00:00,2020-09,5.03,5.07
2020-09-19 08:37:40+00:00,2020-09,8.03,5.34
2020-09-17 07:49:24+00:00,2020-09,15.01,5.49
2020-09-12 09:05:28+00:00,2020-09,8.74,5.11
2020-09-10 09:34:22+00:00,2020-09,10.03,4.92
2020-09-08 11:27:34+00:00,2020-09,5.01,5.09
2020-09-03 18:22:53+00:00,2020-09,21.17,5.68
2020-08-30 12:16:40+00:00,2020-08,3.34,5.04
2020-08-30 11:37:09+00:00,2020-08,2.48,5.28
2020-08-28 14:11:04+00:00,2020-08,10.8,5.24
2020-08-26 16:02:08+00:00,2020-08,5.27,5.4
2020-08-24 18:11:34+00:00,2020-08,10.02,5.52
2020-08-21 19:17:10+00:00,2020-08,10.02,4.84
2020-08-21 18:53:11+00:00,2020-08,1.92,5.77
2020-08-19 19:45:28+00:00,2020-08,5.02,5.56
2020-08-17 18:52:35+00:00,2020-08,10.02,5.18
2020-08-15 18:48:05+00:00,2020-08,5.22,5.25
2020-08-11 19:04:52+00:00,2020-08,16.63,5.6
2020-08-07 18:28:54+00:00,2020-08,10.03,5.57
2020-08-04 18:33:30+00:00,2020-08,10.02,5.19
2020-08-03 19:12:59+00:00,2020-08,5.09,4.61
2020-07-31 18:29:31+00:00,2020-07,5.03,5.21
2020-07-29 18:40:10+00:00,2020-07,21.22,5.65
2020-07-26 18:32:11+00:00,2020-07,10.3,5.49
2020-07-24 18:42:15+00:00,2020-07,5.02,5.74
2020-07-22 19:00:37+00:00,2020-07,6.74,5.07
2020-07-20 18:53:32+00:00,2020-07,15.08,5.36
2020-07-18 19:07:34+00:00,2020-07,5.02,5.38
2020-07-16 18:48:11+00:00,2020-07,5.07,5.04
2020-07-13 18:54:24+00:00,2020-07,18.53,5.53
2020-07-10 18:40:23+00:00,2020-07,10.32,5.35
2020-07-08 18:18:33+00:00,2020-07,10.02,4.99
2020-07-04 19:06:08+00:00,2020-07,0.33,5.38
2020-07-04 18:26:09+00:00,2020-07,6.48,4.93
2020-07-02 19:17:28+00:00,2020-07,5.33,5.35
2020-06-30 18:30:20+00:00,2020-06,16.57,5.28
2020-06-28 18:29:12+00:00,2020-06,5.05,5.18
2020-06-26 19:17:36+00:00,2020-06,11.58,5.06
2020-06-24 20:45:42+00:00,2020-06,6.02,5.39
2020-06-22 18:45:33+00:00,2020-06,15.04,5.32
2020-06-20 12:28:04+00:00,2020-06,6.09,5.41
2020-06-18 18:42:15+00:00,2020-06,5.01,4.75
2020-06-16 18:29:34+00:00,2020-06,10.13,5.28
2020-06-14 12:04:44+00:00,2020-06,4.95,5.11
2020-06-12 19:21:53+00:00,2020-06,10.04,5.13
2020-06-09 18:51:52+00:00,2020-06,5.11,5.16
2020-06-07 12:36:44+00:00,2020-06,2.93,5.54
2020-06-05 19:35:07+00:00,2020-06,15.33,5.1
2020-06-03 18:57:28+00:00,2020-06,5.6,4.84
2020-06-03 18:55:41+00:00,2020-06,0.15,4.89
2020-05-31 18:38:32+00:00,2020-05,11.85,5.24
2020-05-28 19:06:23+00:00,2020-05,6.84,5.19
2020-05-26 18:47:53+00:00,2020-05,5.17,5.09
2020-05-24 18:58:24+00:00,2020-05,5.28,5.28
2020-05-21 18:55:32+00:00,2020-05,2.48,5.98
2020-05-19 18:42:44+00:00,2020-05,14.17,5.38
2020-05-17 18:42:21+00:00,2020-05,6.02,5.06
2020-05-14 19:20:11+00:00,2020-05,13.31,5.36
2020-05-11 18:30:19+00:00,2020-05,6.02,5.01
2020-05-07 18:47:55+00:00,2020-05,12.14,5.41
2020-05-05 18:30:48+00:00,2020-05,6.69,5.0
2020-05-02 18:52:19+00:00,2020-05,10.02,4.96
2020-04-29 18:57:45+00:00,2020-04,11.03,5.11
2020-04-27 19:15:27+00:00,2020-04,5.29,5.05
2020-04-24 18:47:57+00:00,2020-04,10.15,5.24
2020-04-22 19:12:24+00:00,2020-04,10.26,5.22
2020-04-20 19:08:20+00:00,2020-04,6.7,5.37
2020-04-18 10:03:17+00:00,2020-04,7.11,5.22
2020-04-15 19:15:57+00:00,2020-04,10.07,5.39
2020-04-13 12:04:30+00:00,2020-04,6.44,5.66
2020-04-11 12:57:26+00:00,2020-04,0.16,7.21
2020-04-11 12:14:46+00:00,2020-04,6.64,5.4
2020-04-08 18:30:32+00:00,2020-04,6.65,5.56
2020-04-04 13:11:11+00:00,2020-04,10.02,5.48
2020-04-02 16:04:44+00:00,2020-04,7.64,5.14
2020-03-30 16:23:19+00:00,2020-03,6.36,5.27
2020-03-28 13:16:45+00:00,2020-03,7.87,5.46
2020-03-26 19:19:32+00:00,2020-03,6.9,5.18
2020-03-21 09:12:25+00:00,2020-03,5.99,5.15
2020-03-19 12:18:02+00:00,2020-03,8.26,6.08
2020-03-17 08:54:06+00:00,2020-03,5.44,5.09
2020-03-14 09:25:19+00:00,2020-03,10.02,5.44
2020-03-12 08:15:11+00:00,2020-03,5.22,5.35
2020-03-10 08:09:09+00:00,2020-03,6.21,5.32
2020-03-07 09:04:03+00:00,2020-03,4.94,4.87
2020-03-07 08:41:48+00:00,2020-03,2.44,5.32
2020-03-05 08:15:38+00:00,2020-03,5.43,5.37
2020-03-03 08:55:59+00:00,2020-03,6.77,5.51
2020-02-29 09:02:51+00:00,2020-02,4.84,5.2
2020-02-27 08:56:12+00:00,2020-02,5.11,6.45
2020-02-22 09:36:51+00:00,2020-02,1.15,5.59
2020-02-22 09:05:52+00:00,2020-02,4.88,4.9
2020-02-22 08:44:05+00:00,2020-02,2.08,5.63
2020-02-20 07:56:54+00:00,2020-02,6.77,5.45
2020-02-15 09:31:37+00:00,2020-02,1.17,5.3
2020-02-15 09:03:23+00:00,2020-02,4.78,5.08
2020-02-15 08:43:49+00:00,2020-02,1.95,5.57
2020-02-13 08:04:00+00:00,2020-02,6.93,5.38
2020-02-08 09:05:45+00:00,2020-02,4.9,4.81
2020-02-08 08:45:22+00:00,2020-02,2.04,5.14
2020-02-06 14:59:46+00:00,2020-02,2.94,5.9
2020-02-04 08:08:14+00:00,2020-02,5.92,5.68
2020-02-01 08:41:28+00:00,2020-02,7.11,5.05
2020-01-28 07:25:32+00:00,2020-01,5.26,5.44
2020-01-25 09:06:02+00:00,2020-01,4.85,4.93
2020-01-23 07:32:54+00:00,2020-01,7.01,5.61
2020-01-21 08:55:57+00:00,2020-01,6.1,5.68
2020-01-18 09:05:33+00:00,2020-01,5.01,5.09
2020-01-14 08:54:25+00:00,2020-01,6.21,5.87
2020-01-11 09:04:35+00:00,2020-01,4.94,5.29
2020-01-09 08:08:52+00:00,2020-01,5.92,5.9
2020-01-06 14:56:31+00:00,2020-01,4.54,5.53
2020-01-04 09:04:22+00:00,2020-01,4.94,5.4
2019-12-28 09:06:05+00:00,2019-12,4.95,5.31
2019-12-25 09:05:33+00:00,2019-12,4.99,5.31
2019-12-21 09:04:33+00:00,2019-12,4.94,5.45
2019-12-20 12:52:17+00:00,2019-12,3.51,6.01
2019-12-14 09:06:03+00:00,2019-12,4.95,5.7
2019-11-16 09:04:45+00:00,2019-11,4.91,5.26
2019-11-12 08:04:11+00:00,2019-11,5.56,5.77
2019-11-10 10:01:22+00:00,2019-11,5.02,5.77
2019-11-02 07:39:19+00:00,2019-11,2.68,6.08
2019-10-08 07:21:21+00:00,2019-10,3.81,6.19
2019-10-06 09:11:59+00:00,2019-10,21.27,5.48
2019-10-03 07:04:15+00:00,2019-10,5.84,5.49
2019-10-01 06:55:05+00:00,2019-10,5.9,5.53
2019-09-29 09:12:05+00:00,2019-09,10.13,5.17
2019-09-27 07:08:20+00:00,2019-09,5.91,5.41
2019-09-25 07:53:29+00:00,2019-09,5.84,5.5
2019-09-23 07:14:23+00:00,2019-09,5.72,5.59
2019-09-21 06:15:25+00:00,2019-09,21.37,5.85
2019-09-19 07:26:26+00:00,2019-09,6.91,5.46
2019-09-17 07:08:41+00:00,2019-09,6.02,5.53
2019-09-15 07:53:03+00:00,2019-09,8.34,5.85
2019-09-13 08:00:01+00:00,2019-09,15.13,5.9
2019-09-11 17:00:39+00:00,2019-09,10.02,5.54
2019-09-09 07:06:10+00:00,2019-09,10.5,5.65
2019-09-07 08:03:03+00:00,2019-09,5.04,4.77
2019-09-05 13:42:10+00:00,2019-09,5.51,5.73
2019-08-31 08:02:50+00:00,2019-08,4.95,4.83
2019-08-24 08:03:19+00:00,2019-08,5.09,4.74
2019-08-21 07:46:36+00:00,2019-08,5.81,5.57
2019-08-19 07:26:58+00:00,2019-08,17.24,5.79
2019-08-17 08:04:26+00:00,2019-08,5.0,4.79
2019-08-14 15:16:54+00:00,2019-08,5.05,5.75
2019-08-13 07:01:04+00:00,2019-08,12.78,5.71
2019-08-10 08:04:05+00:00,2019-08,4.93,4.86
2019-08-08 07:32:12+00:00,2019-08,5.01,5.42
2019-08-06 07:18:01+00:00,2019-08,11.39,5.8
2019-08-05 07:25:01+00:00,2019-08,6.16,5.48
2019-08-03 08:04:48+00:00,2019-08,4.95,4.89
2019-08-01 07:40:32+00:00,2019-08,5.64,5.49
2019-07-30 07:36:15+00:00,2019-07,10.32,5.74
2019-07-29 07:29:09+00:00,2019-07,2.73,5.62
2019-07-27 08:09:18+00:00,2019-07,5.03,5.03
2019-07-25 07:21:31+00:00,2019-07,7.89,5.85
2019-07-23 07:27:11+00:00,2019-07,6.73,5.63
2019-07-16 07:20:30+00:00,2019-07,10.03,5.87
2019-07-13 08:02:55+00:00,2019-07,4.87,5.28
2019-07-06 08:04:47+00:00,2019-07,4.96,5.11
2019-07-04 07:11:56+00:00,2019-07,6.51,5.55
2019-06-29 08:02:11+00:00,2019-06,4.98,5.19
2019-06-27 07:48:07+00:00,2019-06,6.0,5.49
2019-06-25 07:18:44+00:00,2019-06,5.63,5.46
2019-06-22 08:04:05+00:00,2019-06,4.98,5.17
2019-06-19 15:36:24+00:00,2019-06,5.03,5.54
2019-06-17 15:51:40+00:00,2019-06,3.76,5.23
2019-06-15 08:04:07+00:00,2019-06,4.95,5.39
2019-06-13 15:22:34+00:00,2019-06,5.03,5.67
2019-06-10 15:53:23+00:00,2019-06,5.04,5.55
2019-06-08 08:02:10+00:00,2019-06,4.95,5.35
2019-06-01 08:03:38+00:00,2019-06,4.96,5.26
2019-05-28 07:13:31+00:00,2019-05,4.03,5.68
2019-05-25 08:01:32+00:00,2019-05,4.96,5.37
2019-05-18 08:41:14+00:00,2019-05,0.7,5.39
2019-05-18 08:06:07+00:00,2019-05,4.96,5.57
2019-05-07 13:52:18+00:00,2019-05,4.41,5.29
2019-05-04 08:03:30+00:00,2019-05,5.18,5.06
2019-04-27 08:03:08+00:00,2019-04,4.86,5.52
2019-04-24 12:10:31+00:00,2019-04,0.51,6.07
2019-04-24 11:24:16+00:00,2019-04,1.32,5.7
2019-04-20 08:07:49+00:00,2019-04,5.14,5.43
2019-01-05 14:18:47+00:00,2019-01,1.28,5.52
2018-11-30 19:02:51+00:00,2018-11,0.8,5.44
2018-09-01 08:42:03+00:00,2018-09,2.54,5.53
2018-07-10 16:14:16+00:00,2018-07,3.55,6.09
2018-07-05 16:18:15+00:00,2018-07,2.32,6.26
2018-07-03 16:08:42+00:00,2018-07,2.44,6.18
2018-07-01 07:27:06+00:00,2018-07,2.36,6.39
2018-06-14 16:24:52+00:00,2018-06,0.09,5.24
2018-06-14 16:02:30+00:00,2018-06,2.79,6.78
2018-06-12 15:52:42+00:00,2018-06,2.83,6.7
2018-06-10 18:25:53+00:00,2018-06,2.72,7.02
2018-06-06 16:10:22+00:00,2018-06,2.62,7.14
2018-06-04 16:31:29+00:00,2018-06,2.57,7.25
2018-05-22 16:31:18+00:00,2018-05,1.74,5.92
2018-04-02 10:23:58+00:00,2018-04,3.51,5.62
2018-03-31 07:03:36+00:00,2018-03,2.94,6.07
2018-03-26 11:15:18+00:00,2018-03,1.09,5.28
2018-03-24 10:44:28+00:00,2018-03,3.03,5.52
2018-03-13 12:35:04+00:00,2018-03,2.94,5.48
2018-01-28 11:46:04+00:00,2018-01,4.03,5.86
2018-01-21 11:20:48+00:00,2018-01,4.04,6.09
2018-01-08 12:28:57+00:00,2018-01,2.84,5.64
2018-01-01 11:13:44+00:00,2018-01,2.55,5.93
2017-11-28 12:05:10+00:00,2017-11,3.33,5.57
2017-11-23 13:07:31+00:00,2017-11,3.32,5.69
2017-11-14 13:17:08+00:00,2017-11,3.53,5.62
2017-11-12 10:49:11+00:00,2017-11,5.03,5.73
2017-11-09 10:23:41+00:00,2017-11,3.45,5.49
2017-11-07 12:33:10+00:00,2017-11,3.35,5.86
2017-11-05 10:49:13+00:00,2017-11,5.03,5.76
2017-10-22 07:29:33+00:00,2017-10,3.37,6.14
2017-09-21 07:12:40+00:00,2017-09,1.28,6.23
2017-06-07 15:41:29+00:00,2017-06,4.04,6.1
2017-05-07 11:33:13+00:00,2017-05,4.26,5.43
2017-02-18 12:27:08+00:00,2017-02,7.11,5.83
2017-02-05 09:21:35+00:00,2017-02,6.23,6.03
2017-01-29 09:44:39+00:00,2017-01,6.91,6.02
2017-01-15 09:13:47+00:00,2017-01,5.18,5.89
2017-01-08 11:44:54+00:00,2017-01,4.16,5.95
2017-01-01 10:27:59+00:00,2017-01,5.1,6.11
2016-12-18 10:03:23+00:00,2016-12,3.96,6.45
2016-11-27 09:52:12+00:00,2016-11,4.56,6.36
2016-11-20 09:48:19+00:00,2016-11,2.4,6.63
2016-08-21 10:22:37+00:00,2016-08,8.98,6.09
2016-08-14 09:29:36+00:00,2016-08,8.39,6.0
2016-08-09 16:20:07+00:00,2016-08,5.3,6.11
2016-08-07 06:23:15+00:00,2016-08,7.02,6.21
2016-07-17 10:01:02+00:00,2016-07,4.88,5.83
2016-07-12 16:01:47+00:00,2016-07,3.38,6.21
2016-07-03 10:11:20+00:00,2016-07,4.94,5.82
2016-06-28 17:56:31+00:00,2016-06,4.77,6.07
2016-06-25 07:51:56+00:00,2016-06,4.69,5.56
2016-06-23 18:14:48+00:00,2016-06,3.29,5.78
2016-06-19 09:20:36+00:00,2016-06,5.35,5.58
2016-06-14 11:27:51+00:00,2016-06,1.81,5.28
2016-05-27 07:47:10+00:00,2016-05,4.86,5.32
2016-05-24 18:18:09+00:00,2016-05,4.55,6.09
2016-05-22 08:14:48+00:00,2016-05,4.59,6.02
2016-03-26 14:25:03+00:00,2016-03,21.17,6.11
2016-03-22 19:12:39+00:00,2016-03,5.01,5.88
2016-03-20 10:26:42+00:00,2016-03,11.65,5.69
2016-03-13 10:08:37+00:00,2016-03,10.11,5.51
2016-03-01 19:17:44+00:00,2016-03,4.82,5.76
2016-02-20 09:28:07+00:00,2016-02,22.4,5.88
2016-02-18 19:13:26+00:00,2016-02,8.65,5.59
2016-02-14 09:52:52+00:00,2016-02,13.73,5.77
2016-02-13 12:40:11+00:00,2016-02,5.05,5.36
2016-02-07 11:37:10+00:00,2016-02,11.63,5.8
2016-02-05 06:45:54+00:00,2016-02,6.81,5.57
2016-02-01 14:50:32+00:00,2016-02,20.41,6.11
2016-01-29 07:09:20+00:00,2016-01,8.89,5.49
2016-01-27 08:20:48+00:00,2016-01,9.81,5.81
2016-01-24 08:07:24+00:00,2016-01,17.78,6.25
2016-01-22 06:59:55+00:00,2016-01,8.29,6.18
2016-01-20 16:03:41+00:00,2016-01,6.28,6.32
2016-01-17 10:54:47+00:00,2016-01,16.21,6.4
2016-01-16 07:29:36+00:00,2016-01,8.07,6.05
2016-01-13 08:01:25+00:00,2016-01,8.08,6.11
2016-01-09 09:08:25+00:00,2016-01,10.88,5.91
2016-01-08 06:25:39+00:00,2016-01,6.98,6.57
2016-01-05 14:47:20+00:00,2016-01,7.11,5.98
2016-01-03 10:41:00+00:00,2016-01,6.11,5.79
2015-12-27 09:54:17+00:00,2015-12,12.01,6.14
2015-12-26 13:50:50+00:00,2015-12,6.69,5.6
2015-12-23 06:25:10+00:00,2015-12,6.77,6.38
2015-12-20 06:32:40+00:00,2015-12,10.46,6.45
2015-12-19 06:36:26+00:00,2015-12,6.58,6.81
2015-12-14 06:16:24+00:00,2015-12,5.7,6.04
2015-12-12 07:03:45+00:00,2015-12,8.18,6.25
2015-12-11 06:23:58+00:00,2015-12,4.88,6.33
2015-12-06 07:30:06+00:00,2015-12,5.35,6.39
2015-12-02 06:38:17+00:00,2015-12,5.32,6.24
2015-11-29 06:46:51+00:00,2015-11,3.54,6.52
2015-11-27 06:36:54+00:00,2015-11,2.22,6.36
2015-07-09 04:47:28+00:00,2015-07,4.11,5.53
2015-07-03 05:04:18+00:00,2015-07,3.48,5.08
2015-04-30 05:52:03+00:00,2015-04,3.41,5.35
2015-04-28 05:52:14+00:00,2015-04,3.24,4.73
2015-04-14 05:46:36+00:00,2015-04,3.14,5.35
2015-04-08 05:49:31+00:00,2015-04,2.59,5.84
2015-03-24 17:21:08+00:00,2015-03,3.08,5.26
2015-03-19 07:12:51+00:00,2015-03,2.57,5.57
2015-01-26 08:28:22+00:00,2015-01,2.02,4.75
2014-10-26 13:25:31+00:00,2014-10,3.32,6.36
2014-09-29 07:11:30+00:00,2014-09,2.31,5.74
2014-09-19 09:56:31+00:00,2014-09,11.2,5.95
2014-09-16 16:24:34+00:00,2014-09,4.64,5.59
2014-09-14 07:17:19+00:00,2014-09,4.86,4.97
2014-09-08 09:48:48+00:00,2014-09,7.42,5.47
2014-08-12 05:35:05+00:00,2014-08,5.56,5.6
2014-08-09 06:45:02+00:00,2014-08,18.46,6.21
2014-08-05 05:49:46+00:00,2014-08,6.13,5.33
2014-08-02 06:32:52+00:00,2014-08,14.0,5.57
2014-07-30 05:22:14+00:00,2014-07,11.71,5.68
2014-07-28 05:32:57+00:00,2014-07,5.0,5.16
2014-07-14 06:23:32+00:00,2014-07,6.95,5.27
2014-06-26 05:48:36+00:00,2014-06,8.16,6.14
2014-06-25 15:58:24+00:00,2014-06,5.92,5.36
2014-06-21 06:37:03+00:00,2014-06,5.17,5.47
2014-06-20 06:04:44+00:00,2014-06,5.17,5.1
2014-06-17 05:57:40+00:00,2014-06,5.07,5.36
2014-06-13 05:34:23+00:00,2014-06,6.1,5.29
2014-06-10 05:57:19+00:00,2014-06,6.65,5.45
2014-05-09 05:22:49+00:00,2014-05,3.78,5.22
2014-05-05 09:59:57+00:00,2014-05,8.16,5.2
2014-04-30 05:51:04+00:00,2014-04,6.1,5.19
2014-04-23 05:58:17+00:00,2014-04,4.67,5.29
2014-04-20 08:55:55+00:00,2014-04,3.1,6.16
2014-04-19 10:19:02+00:00,2014-04,8.63,5.19
2014-04-16 06:01:42+00:00,2014-04,3.58,5.27
2014-04-10 06:10:07+00:00,2014-04,6.09,5.0
2014-04-02 06:20:00+00:00,2014-04,4.36,5.19
2014-03-29 08:56:25+00:00,2014-03,8.89,5.52
2014-03-27 07:07:49+00:00,2014-03,3.91,5.23
2014-03-24 06:57:40+00:00,2014-03,6.28,5.37
2014-03-20 06:31:53+00:00,2014-03,6.24,5.43
2014-03-18 06:57:31+00:00,2014-03,6.06,5.31
2014-03-02 08:29:17+00:00,2014-03,2.64,5.04
2014-02-01 07:46:01+00:00,2014-02,6.09,5.13
2014-01-25 08:36:46+00:00,2014-01,5.15,5.08
2014-01-12 18:09:12+00:00,2014-01,5.97,6.44
2014-01-11 08:33:57+00:00,2014-01,5.1,5.05
2014-01-04 09:58:41+00:00,2014-01,5.14,5.14
2014-01-02 09:50:23+00:00,2014-01,3.94,5.1
2013-11-17 10:16:28+00:00,2013-11,10.12,5.52
2013-11-11 09:20:29+00:00,2013-11,5.24,5.38
2013-11-03 08:22:45+00:00,2013-11,9.18,5.48
2013-10-26 07:22:37+00:00,2013-10,7.5,5.48
2013-09-04 17:35:10+00:00,2013-09,5.0,6.23
2013-06-22 07:24:34+00:00,2013-06,4.81,5.19
2013-06-04 06:27:45+00:00,2013-06,8.25,5.21
2013-06-02 09:28:34+00:00,2013-06,10.22,5.45
2013-05-29 16:57:30+00:00,2013-05,10.35,5.31
2013-05-25 07:50:30+00:00,2013-05,2.55,5.02
2013-05-13 06:49:32+00:00,2013-05,10.14,5.6
2013-05-06 10:01:02+00:00,2013-05,7.97,5.28
2013-05-01 13:54:10+00:00,2013-05,8.28,5.32
2013-04-16 16:04:23+00:00,2013-04,5.46,5.59
2013-04-08 09:42:49+00:00,2013-04,1.47,5.2
2013-04-08 09:25:08+00:00,2013-04,1.11,5.1
2013-03-26 08:41:53+00:00,2013-03,10.1,5.44
2013-03-21 06:58:45+00:00,2013-03,3.9,5.11
2013-03-19 07:43:44+00:00,2013-03,10.62,5.38
2013-03-04 17:22:27+00:00,2013-03,10.24,5.46
2013-02-25 08:19:41+00:00,2013-02,10.57,4.61
2013-02-18 18:39:42+00:00,2013-02,8.4,5.9
2013-02-12 07:02:31+00:00,2013-02,5.01,4.89
2013-02-05 17:55:00+00:00,2013-02,3.45,6.38
2013-01-23 16:22:30+00:00,2013-01,5.0,7.0
2013-01-19 09:58:49+00:00,2013-01,3.0,6.67
2013-01-16 12:40:23+00:00,2013-01,4.5,6.89
2013-01-14 18:33:05+00:00,2013-01,2.71,7.0
2013-01-14 18:11:41+00:00,2013-01,3.04,5.72
2013-01-07 17:23:56+00:00,2013-01,7.11,6.2
2013-01-06 17:00:58+00:00,2013-01,6.45,6.51
2013-01-01 11:11:51+00:00,2013-01,5.13,5.62
2012-12-17 08:57:16+00:00,2012-12,7.64,7.07
2012-12-05 17:18:10+00:00,2012-12,5.14,5.81
2012-11-10 08:33:06+00:00,2012-11,3.73,5.92
2012-11-10 08:33:06+00:00,2012-11,3.73,5.92
2012-11-04 11:09:34+00:00,2012-11,5.15,5.72
2012-10-30 17:05:04+00:00,2012-10,3.29,5.77
2012-10-30 16:07:58+00:00,2012-10,3.88,5.47
2012-10-21 09:14:34+00:00,2012-10,3.93,5.52
2012-10-19 11:19:26+00:00,2012-10,3.0,5.66
2012-10-19 10:44:07+00:00,2012-10,3.76,5.52
2012-10-14 07:30:52+00:00,2012-10,6.29,5.68
2012-10-12 05:48:24+00:00,2012-10,3.56,5.56
2012-09-22 13:03:16+00:00,2012-09,5.49,5.56
2012-09-16 06:22:27+00:00,2012-09,2.91,5.55
2012-09-09 09:18:38+00:00,2012-09,3.56,5.64
2012-09-03 09:05:35+00:00,2012-09,3.67,5.61
2012-08-31 06:06:24+00:00,2012-08,3.2,5.63
2012-08-25 06:23:24+00:00,2012-08,5.11,5.82
2012-07-29 08:31:58+00:00,2012-07,5.67,5.81
2012-07-09 13:39:23+00:00,2012-07,4.93,6.2
2011-11-06 16:45:00+00:00,2011-11,6.69,7.73
2011-11-02 17:46:31+00:00,2011-11,6.38,7.44
2011-09-04 08:28:26+00:00,2011-09,2.04,7.24
2011-08-25 06:19:50+00:00,2011-08,5.59,7.95
2011-08-23 06:18:23+00:00,2011-08,3.78,7.75
2011-08-16 08:45:18+00:00,2011-08,4.24,7.59
2011-08-04 06:19:39+00:00,2011-08,5.1,7.32
2011-08-02 06:24:15+00:00,2011-08,5.24,7.5
2011-07-31 08:22:07+00:00,2011-07,5.24,8.59
2011-07-28 06:27:48+00:00,2011-07,5.25,9.04
2011-07-25 06:30:23+00:00,2011-07,5.1,8.31
2011-07-21 06:28:19+00:00,2011-07,4.31,8.0
2011-07-18 06:20:23+00:00,2011-07,3.79,8.56
2011-07-08 06:20:51+00:00,2011-07,2.13,8.91
2011-07-06 06:19:17+00:00,2011-07,3.24,8.6
2011-07-01 06:22:30+00:00,2011-07,3.18,9.31
2011-04-29 06:21:57+00:00,2011-04,3.34,8.89
2011-04-23 07:18:06+00:00,2011-04,1.34,9.98
2011-04-23 06:57:49+00:00,2011-04,1.69,8.79
2011-03-28 06:17:42+00:00,2011-03,3.59,9.67
2011-03-07 06:42:43+00:00,2011-03,1.44,5.74
2011-02-22 06:32:09+00:00,2011-02,1.65,6.65
2011-02-18 06:30:36+00:00,2011-02,1.63,6.68
2011-02-11 06:31:05+00:00,2011-02,1.54,7.72
2011-02-10 06:20:37+00:00,2011-02,1.57,7.67
2011-02-02 06:38:28+00:00,2011-02,2.42,7.59
2011-01-27 06:23:42+00:00,2011-01,2.28,8.49
2011-01-21 06:24:39+00:00,2011-01,2.4,8.07
2011-01-17 06:29:02+00:00,2011-01,2.24,8.19
2011-01-10 06:26:46+00:00,2011-01,2.2,8.62
2011-01-05 06:20:35+00:00,2011-01,2.13,9.56
